Workbook

Sheet How To Use
A1: How to Use the Splice Job Tracker
A3: COLOR KEY
A4: Light yellow cells = YOU type here (Jobs tab: Job #, Address, City, Job Type, Crew, dates, Splice Count, Notes).
A5: Gray cells = automatic formulas. Don't type in them - they fill themselves in.
A7: ADDING A NEW JOB
A8: 1. Go to the Jobs tab and click the first empty yellow row.
A9: 2. Type a Job # (this is what 'turns on' the row). Then fill in Address, City, and Due Date.
A10: 3. Job Type and Crew have dropdown arrows - click the cell and pick from the list.
A11: 4. Type dates like 9/25/2026. Tip: Ctrl+; types today's date.
A12: 5. When the job is finished, type the Date Completed. Status changes to 'Complete' automatically.
A14: HOW STATUS WORKS (automatic)
A15: Complete = a Date Completed is entered.
... A38: The 8 jobs already in the Jobs tab are fake examples - delete them (select rows, right-click > Delete) when you start real tracking.

Sheet Summary
A1: Splice Job Summary
A2: ="As of "&TEXT(TODAY(),"mm/dd/yyyy")
A4: Status | B4: # of Jobs | H4: Everything on this tab is automatic - it updates as you fill in the Jobs tab.
A5: Overdue | B5: =COUNTIF(Jobs!$I$2:$I$300,"Overdue")
A6: Due Soon (3 days) | B6: =COUNTIF(Jobs!$I$2:$I$300,"Due Soon")
A7: Open | B7: =COUNTIF(Jobs!$I$2:$I$300,"Open")
A8: Complete | B8: =COUNTIF(Jobs!$I$2:$I$300,"Complete")
A9: Total Jobs | B9: =COUNTA(Jobs!$A$2:$A$300)
A11: % Complete | B11: =IF(B9=0,0,B8/B9)
A12: Avg Days to Complete | B12: =IFERROR(AVERAGE(Jobs!$K$2:$K$300),"-")
A13: Total Splices (completed) | B13: =SUMIFS(Jobs!$L$2:$L$300,Jobs!$I$2:$I$300,"Complete")
A15: Crew / Tech | B15: Overdue | C15: Due Soon | D15: Open | E15: Complete | F15: Total
A16: =IF(Lists!B2="","",Lists!B2) | B16: =IF($A16="","",COUNTIFS(Jobs!$E$2:$E$300,$A16,Jobs!$I$2:$I$300,"Overdue")) | C16: =IF($A16="","",COUNTIFS(Jobs!$E$2:$E$300,$A16,Jobs!$I$2:$I$300,"Due Soon")) | D16: =IF($A16="","",COUNTIFS(Jobs!$E$2:$E$300,$A16,Jobs!$I$2:$I$300,"Open")) | E16: =IF($A16="","",COUNTIFS(Jobs!$E$2:$E$300,$A16,Jobs!$I$2:$I$300,"Complete")) | F16: =IF($A16="","",COUNTIF(Jobs!$E$2:$E$300,$A16))
A17: =IF(Lists!B3="","",Lists!B3) | B17: =IF($A17="","",COUNTIFS(Jobs!$E$2:$E$300,$A17,Jobs!$I$2:$I$300,"Overdue")) | C17: =IF($A17="","",COUNTIFS(Jobs!$E$2:$E$300,$A17,Jobs!$I$2:$I$300,"Due Soon")) | D17: =IF($A17="","",COUNTIFS(Jobs!$E$2:$E$300,$A17,Jobs!$I$2:$I$300,"Open")) | E17: =IF($A17="","",COUNTIFS(Jobs!$E$2:$E$300,$A17,Jobs!$I$2:$I$300,"Complete")) | F17: =IF($A17="","",COUNTIF(Jobs!$E$2:$E$300,$A17))
A18: =IF(Lists!B4="","",Lists!B4) | B18: =IF($A18="","",COUNTIFS(Jobs!$E$2:$E$300,$A18,Jobs!$I$2:$I$300,"Overdue")) | C18: =IF($A18="","",COUNTIFS(Jobs!$E$2:$E$300,$A18,Jobs!$I$2:$I$300,"Due Soon")) | D18: =IF($A18="","",COUNTIFS(Jobs!$E$2:$E$300,$A18,Jobs!$I$2:$I$300,"Open")) | E18: =IF($A18="","",COUNTIFS(Jobs!$E$2:$E$300,$A18,Jobs!$I$2:$I$300,"Complete")) | F18: =IF($A18="","",COUNTIF(Jobs!$E$2:$E$300,$A18))
A19: =IF(Lists!B5="","",Lists!B5) | B19: =IF($A19="","",COUNTIFS(Jobs!$E$2:$E$300,$A19,Jobs!$I$2:$I$300,"Overdue")) | C19: =IF($A19="","",COUNTIFS(Jobs!$E$2:$E$300,$A19,Jobs!$I$2:$I$300,"Due Soon")) | D19: =IF($A19="","",COUNTIFS(Jobs!$E$2:$E$300,$A19,Jobs!$I$2:$I$300,"Open")) | E19: =IF($A19="","",COUNTIFS(Jobs!$E$2:$E$300,$A19,Jobs!$I$2:$I$300,"Complete")) | F19: =IF($A19="","",COUNTIF(Jobs!$E$2:$E$300,$A19))
A20: =IF(Lists!B6="","",Lists!B6) | B20: =IF($A20="","",COUNTIFS(Jobs!$E$2:$E$300,$A20,Jobs!$I$2:$I$300,"Overdue")) | C20: =IF($A20="","",COUNTIFS(Jobs!$E$2:$E$300,$A20,Jobs!$I$2:$I$300,"Due Soon")) | D20: =IF($A20="","",COUNTIFS(Jobs!$E$2:$E$300,$A20,Jobs!$I$2:$I$300,"Open")) | E20: =IF($A20="","",COUNTIFS(Jobs!$E$2:$E$300,$A20,Jobs!$I$2:$I$300,"Complete")) | F20: =IF($A20="","",COUNTIF(Jobs!$E$2:$E$300,$A20))
A21: =IF(Lists!B7="","",Lists!B7) | B21: =IF($A21="","",COUNTIFS(Jobs!$E$2:$E$300,$A21,Jobs!$I$2:$I$300,"Overdue")) | C21: =IF($A21="","",COUNTIFS(Jobs!$E$2:$E$300,$A21,Jobs!$I$2:$I$300,"Due Soon")) | D21: =IF($A21="","",COUNTIFS(Jobs!$E$2:$E$300,$A21,Jobs!$I$2:$I$300,"Open")) | E21: =IF($A21="","",COUNTIFS(Jobs!$E$2:$E$300,$A21,Jobs!$I$2:$I$300,"Complete")) | F21: =IF($A21="","",COUNTIF(Jobs!$E$2:$E$300,$A21))
A22: =IF(Lists!B8="","",Lists!B8) | B22: =IF($A22="","",COUNTIFS(Jobs!$E$2:$E$300,$A22,Jobs!$I$2:$I$300,"Overdue")) | C22: =IF($A22="","",COUNTIFS(Jobs!$E$2:$E$300,$A22,Jobs!$I$2:$I$300,"Due Soon")) | D22: =IF($A22="","",COUNTIFS(Jobs!$E$2:$E$300,$A22,Jobs!$I$2:$I$300,"Open")) | E22: =IF($A22="","",COUNTIFS(Jobs!$E$2:$E$300,$A22,Jobs!$I$2:$I$300,"Complete")) | F22: =IF($A22="","",COUNTIF(Jobs!$E$2:$E$300,$A22))
A23: =IF(Lists!B9="","",Lists!B9) | B23: =IF($A23="","",COUNTIFS(Jobs!$E$2:$E$300,$A23,Jobs!$I$2:$I$300,"Overdue")) | C23: =IF($A23="","",COUNTIFS(Jobs!$E$2:$E$300,$A23,Jobs!$I$2:$I$300,"Due Soon")) | D23: =IF($A23="","",COUNTIFS(Jobs!$E$2:$E$300,$A23,Jobs!$I$2:$I$300,"Open")) | E23: =IF($A23="","",COUNTIFS(Jobs!$E$2:$E$300,$A23,Jobs!$I$2:$I$300,"Complete")) | F23: =IF($A23="","",COUNTIF(Jobs!$E$2:$E$300,$A23))
A24: =IF(Lists!B10="","",Lists!B10) | B24: =IF($A24="","",COUNTIFS(Jobs!$E$2:$E$300,$A24,Jobs!$I$2:$I$300,"Overdue")) | C24: =IF($A24="","",COUNTIFS(Jobs!$E$2:$E$300,$A24,Jobs!$I$2:$I$300,"Due Soon")) | D24: =IF($A24="","",COUNTIFS(Jobs!$E$2:$E$300,$A24,Jobs!$I$2:$I$300,"Open")) | E24: =IF($A24="","",COUNTIFS(Jobs!$E$2:$E$300,$A24,Jobs!$I$2:$I$300,"Complete")) | F24: =IF($A24="","",COUNTIF(Jobs!$E$2:$E$300,$A24))

Sheet Jobs
A1: Job # | B1: Address | C1: City | D1: Job Type | E1: Crew / Tech | F1: Date Assigned | G1: Due Date | H1: Date Completed | I1: Status | J1: Days Left | K1: Days to Complete | L1: Splice Count | M1: Notes
A2: J-1001 | B2: 1420 Oak St | C2: Springfield | D2: Fusion Splice | E2: Crew A | F2: 46270 | G2: 46280 | H2: 46278 | I2: =IF(A2="","",IF(H2<>"","Complete",IF(G2="","Open",IF(G2<TODAY(),"Overdue",IF(G2-TODAY()<=3,"Due Soon","Open"))))) | J2: =IF(OR(A2="",G2="",H2<>""),"",G2-TODAY()) | K2: =IF(OR(F2="",H2=""),"",H2-F2) | L2: 48 | M2: Example row - completed early
A3: J-1002 | B3: 88 Pine Ave | C3: Springfield | D3: Mechanical Splice | E3: Crew B | F3: 46275 | G3: 46285 | H3: 46287 | I3: =IF(A3="","",IF(H3<>"","Complete",IF(G3="","Open",IF(G3<TODAY(),"Overdue",IF(G3-TODAY()<=3,"Due Soon","Open"))))) | J3: =IF(OR(A3="",G3="",H3<>""),"",G3-TODAY()) | K3: =IF(OR(F3="",H3=""),"",H3-F3) | L3: 12 | M3: Finished 2 days late
A4: J-1003 | B4: 301 River Rd | C4: Riverton | D4: Fusion Splice | E4: Crew A | F4: 46276 | G4: 46288 | I4: =IF(A4="","",IF(H4<>"","Complete",IF(G4="","Open",IF(G4<TODAY(),"Overdue",IF(G4-TODAY()<=3,"Due Soon","Open"))))) | J4: =IF(OR(A4="",G4="",H4<>""),"",G4-TODAY()) | K4: =IF(OR(F4="",H4=""),"",H4-F4) | L4: 96 | M4: Waiting on permit
A5: J-1004 | B5: 5 Maple Ct | C5: Springfield | D5: Repair / Restore | E5: Crew C | F5: 46286 | G5: 46291 | I5: =IF(A5="","",IF(H5<>"","Complete",IF(G5="","Open",IF(G5<TODAY(),"Overdue",IF(G5-TODAY()<=3,"Due Soon","Open"))))) | J5: =IF(OR(A5="",G5="",H5<>""),"",G5-TODAY()) | K5: =IF(OR(F5="",H5=""),"",H5-F5) | L5: 6 | M5: Fiber cut - priority
A6: J-1005 | B6: 742 Elm Blvd | C6: Riverton | D6: Fusion Splice | E6: Crew B | F6: 46287 | G6: 46293 | I6: =IF(A6="","",IF(H6<>"","Complete",IF(G6="","Open",IF(G6<TODAY(),"Overdue",IF(G6-TODAY()<=3,"Due Soon","Open"))))) | J6: =IF(OR(A6="",G6="",H6<>""),"",G6-TODAY()) | K6: =IF(OR(F6="",H6=""),"",H6-F6) | L6: 24
A7: J-1006 | B7: 19 Cedar Ln | C7: Lakeside | D7: Testing (OTDR) | E7: Crew C | F7: 46288 | G7: 46300 | I7: =IF(A7="","",IF(H7<>"","Complete",IF(G7="","Open",IF(G7<TODAY(),"Overdue",IF(G7-TODAY()<=3,"Due Soon","Open"))))) | J7: =IF(OR(A7="",G7="",H7<>""),"",G7-TODAY()) | K7: =IF(OR(F7="",H7=""),"",H7-F7) | L7: 0 | M7: Test after splice
A8: J-1007 | B8: 660 Hill Dr | C8: Lakeside | D8: Fusion Splice | E8: Crew A | F8: 46289 | G8: 46304 | I8: =IF(A8="","",IF(H8<>"","Complete",IF(G8="","Open",IF(G8<TODAY(),"Overdue",IF(G8-TODAY()<=3,"Due Soon","Open"))))) | J8: =IF(OR(A8="",G8="",H8<>""),"",G8-TODAY()) | K8: =IF(OR(F8="",H8=""),"",H8-F8) | L8: 144 | M8: Large count cable
A9: J-1008 | B9: 2200 Main St | C9: Springfield | D9: Mechanical Splice | E9: Crew B | F9: 46282 | G9: 46289 | H9: 46289 | I9: =IF(A9="","",IF(H9<>"","Complete",IF(G9="","Open",IF(G9<TODAY(),"Overdue",IF(G9-TODAY()<=3,"Due Soon","Open"))))) | J9: =IF(OR(A9="",G9="",H9<>""),"",G9-TODAY()) | K9: =IF(OR(F9="",H9=""),"",H9-F9) | L9: 8 | M9: Done on due date
I10: =IF(A10="","",IF(H10<>"","Complete",IF(G10="","Open",IF(G10<TODAY(),"Overdue",IF(G10-TODAY()<=3,"Due Soon","Open"))))) | J10: =IF(OR(A10="",G10="",H10<>""),"",G10-TODAY()) | K10: =IF(OR(F10="",H10=""),"",H10-F10)
I11: =IF(A11="","",IF(H11<>"","Complete",IF(G11="","Open",IF(G11<TODAY(),"Overdue",IF(G11-TODAY()<=3,"Due Soon","Open"))))) | J11: =IF(OR(A11="",G11="",H11<>""),"",G11-TODAY()) | K11: =IF(OR(F11="",H11=""),"",H11-F11)
I12: =IF(A12="","",IF(H12<>"","Complete",IF(G12="","Open",IF(G12<TODAY(),"Overdue",IF(G12-TODAY()<=3,"Due Soon","Open"))))) | J12: =IF(OR(A12="",G12="",H12<>""),"",G12-TODAY()) | K12: =IF(OR(F12="",H12=""),"",H12-F12)
I13: =IF(A13="","",IF(H13<>"","Complete",IF(G13="","Open",IF(G13<TODAY(),"Overdue",IF(G13-TODAY()<=3,"Due Soon","Open"))))) | J13: =IF(OR(A13="",G13="",H13<>""),"",G13-TODAY()) | K13: =IF(OR(F13="",H13=""),"",H13-F13)
I14: =IF(A14="","",IF(H14<>"","Complete",IF(G14="","Open",IF(G14<TODAY(),"Overdue",IF(G14-TODAY()<=3,"Due Soon","Open"))))) | J14: =IF(OR(A14="",G14="",H14<>""),"",G14-TODAY()) | K14: =IF(OR(F14="",H14=""),"",H14-F14)
I15: =IF(A15="","",IF(H15<>"","Complete",IF(G15="","Open",IF(G15<TODAY(),"Overdue",IF(G15-TODAY()<=3,"Due Soon","Open"))))) | J15: =IF(OR(A15="",G15="",H15<>""),"",G15-TODAY()) | K15: =IF(OR(F15="",H15=""),"",H15-F15)
I16: =IF(A16="","",IF(H16<>"","Complete",IF(G16="","Open",IF(G16<TODAY(),"Overdue",IF(G16-TODAY()<=3,"Due Soon","Open"))))) | J16: =IF(OR(A16="",G16="",H16<>""),"",G16-TODAY()) | K16: =IF(OR(F16="",H16=""),"",H16-F16)
I17: =IF(A17="","",IF(H17<>"","Complete",IF(G17="","Open",IF(G17<TODAY(),"Overdue",IF(G17-TODAY()<=3,"Due Soon","Open"))))) | J17: =IF(OR(A17="",G17="",H17<>""),"",G17-TODAY()) | K17: =IF(OR(F17="",H17=""),"",H17-F17)
I18: =IF(A18="","",IF(H18<>"","Complete",IF(G18="","Open",IF(G18<TODAY(),"Overdue",IF(G18-TODAY()<=3,"Due Soon","Open"))))) | J18: =IF(OR(A18="",G18="",H18<>""),"",G18-TODAY()) | K18: =IF(OR(F18="",H18=""),"",H18-F18)
I19: =IF(A19="","",IF(H19<>"","Complete",IF(G19="","Open",IF(G19<TODAY(),"Overdue",IF(G19-TODAY()<=3,"Due Soon","Open"))))) | J19: =IF(OR(A19="",G19="",H19<>""),"",G19-TODAY()) | K19: =IF(OR(F19="",H19=""),"",H19-F19)
I20: =IF(A20="","",IF(H20<>"","Complete",IF(G20="","Open",IF(G20<TODAY(),"Overdue",IF(G20-TODAY()<=3,"Due Soon","Open"))))) | J20: =IF(OR(A20="",G20="",H20<>""),"",G20-TODAY()) | K20: =IF(OR(F20="",H20=""),"",H20-F20)
I21: =IF(A21="","",IF(H21<>"","Complete",IF(G21="","Open",IF(G21<TODAY(),"Overdue",IF(G21-TODAY()<=3,"Due Soon","Open"))))) | J21: =IF(OR(A21="",G21="",H21<>""),"",G21-TODAY()) | K21: =IF(OR(F21="",H21=""),"",H21-F21)
... I300: =IF(A300="","",IF(H300<>"","Complete",IF(G300="","Open",IF(G300<TODAY(),"Overdue",IF(G300-TODAY()<=3,"Due Soon","Open"))))) | J300: =IF(OR(A300="",G300="",H300<>""),"",G300-TODAY()) | K300: =IF(OR(F300="",H300=""),"",H300-F300)

Sheet Lists
A1: Job Types | B1: Crews / Techs
A2: Fusion Splice | B2: Crew A | D2: Edit these lists to change the dropdown choices on the Jobs tab (up to 9 each).
A3: Mechanical Splice | B3: Crew B
A4: Repair / Restore | B4: Crew C
A5: Testing (OTDR)
A6: Enclosure Install
